14,-1.7824284960526802,-1.9859115145548412,-0.08394779376967065,0.7567598843377068
22,-1.5545488749317489,-1.4548756471829272,0.972835276678425,-1.2391955484993353
37,-0.9810093654881555,-1.356221015170226,1.264368084838348,1.2994122102428913
42,-1.8397643942873922,1.4763061227447447,1.3013563061197404,0.0003482022725691536
45,0.7374783199814714,1.8529269172020895,0.3315712435560094,1.5034468298556716
54,1.6008810768894381,-1.1375623362648954,-1.05284084614122,-1.1838003922027847
82,1.7229448079851348,1.722190777522481,1.4886753477172556,-1.1651760495855257
84,1.3747587302747881,1.2150142726929598,-0.9610225033586763,0.8400620972975128
92,-1.9047075823733048,1.9550085790666012,1.0866892268006971,1.37770004150538
105,1.1524904359879402,1.0620418588360288,1.5275880343108197,-0.255788168891522
106,-0.5373276654122687,1.9508069590965462,1.6424889900450368,-1.1274880472762057
109,-1.9152223441030083,-1.7876666626473958,1.2016121578558714,-0.4483127222880916
138,1.9250216538996,-0.7598223889728226,1.0913641156622504,0.12673773437285263
146,-1.4298380591159066,-1.2722927776979174,-0.13919492659918165,1.3374835134885537
149,-0.7742011875226531,-1.1554386867280093,0.6092496272563892,1.6811902571716022
155,1.4883917004759564,-1.3498420853032522,0.90507414176659,-1.0805118675270324
157,-1.6757461300627194,-1.376344998558975,0.6379893455619174,-0.9067801572178351
163,-1.6488664517355938,1.1717042272560874,0.5667017690187062,-1.2483532423275552
169,1.9917354148891708,-1.8149105229280753,1.3560333675202418,1.4076959470889143
181,1.386178950143095,0.865114087160725,1.3884680816069221,1.007581528029999
187,1.019231609128044,-1.5856950419653146,-1.3102495419297386,1.1847232109982726
191,-0.9048018777063529,1.8056487255210207,-1.475895355050318,-0.9278544679373253
199,1.3187212216022015,1.7802158168781257,0.4567528175103108,-0.9163419134876238
221,1.251599832943442,-1.7813833884692127,-1.4428521552214768,0.45597697792574055
228,-1.6530545465059814,1.0693550501210378,0.92158084414416,-1.2183810721134356
252,-1.8554707567582298,1.1422912814240962,1.3951428620239512,-1.1844104290186492
268,-1.6361369770273617,1.9988440522815725,-1.1426273946253813,1.4706682589170121
271,1.5858817962888043,1.8055915230497819,0.8912052227609584,0.023795931301129336
272,-1.3018900986812758,-1.3942825146019815,-1.2642186355340406,-1.188789419772442
285,1.6747837769654423,-1.6956164592728342,1.075227441008956,-0.019662304155088073
288,-1.2755938231258708,-1.7907917250528014,-1.3667945561283643,0.5172289070632825
320,1.5737753948323183,-1.4179677577302643,1.2754398049727262,-0.8869067054277657
332,0.8334249955496511,-1.6690535043311883,1.0972067103812608,-1.3474595372439206
338,1.753623384403602,1.9507126910898762,0.4746192899728885,-1.2238913644185034
340,-1.9833271215624766,1.7433106091948711,-1.2139009940594017,-0.6005857832649517
348,1.1563343428318582,1.5237273392925181,-0.2283647348124891,-1.51384391264935
362,1.8601497441634476,-0.21476199584567057,1.586842291406254,0.07964270450353972
369,1.2438797789454736,0.7843153635213302,-1.665445437900456,0.22780211478081558
407,1.0242845543089145,1.8498580358733676,0.8292905014025722,-1.291640943354246
423,1.6030970374579079,1.4829736734201364,1.383662427855307,-1.0145004368446164
455,1.744899761087408,1.1128290668767815,-1.1408527068067023,-0.8816333263933198
458,0.19878393941059302,1.621793717550859,0.07167148916933508,-1.5305399175327197
492,-1.8712263867783254,1.8644845836821702,1.345529912179996,-0.7179041308856537
529,0.873495745301696,1.5587624422076929,-1.1570985560742355,1.042891017414643
543,-1.5988249432486623,-1.7605652964105563,0.733373744237861,-0.6197717121873922
551,1.821447369351188,1.4746298922838248,-0.20898530383272407,1.0125966819888106
559,0.9984158488333916,-1.0625791334268908,-1.1656003802219934,-1.3571110611060373
567,-0.21546185309100707,-1.9966765201733279,1.640906274491769,-1.3074632949452685
591,-1.233317114971178,1.6655351854798162,-1.5742914775580226,-0.20541915358834206
593,1.7293570052742244,1.6736475101492188,-1.0402234353313098,-0.4987458368646811
598,-1.2928120561101721,-0.23922983912212237,-1.9308552477956287,-0.16240358841129687
605,-1.2682479128238051,-1.346216052467684,1.3218895051870936,0.8236642082827017
606,-1.989786418646415,-1.9745922818927468,1.1757281903341377,0.8077364425794933
613,1.6498948030665557,-1.6074003070288327,-1.3574352445693787,1.3525206366004996
622,-0.8275103436481168,1.6056262379740907,1.3403912808712515,-1.2394786026313773
630,1.0681103300433517,1.3210585846364769,-1.3271249491759147,0.63221949921844
638,1.405353454754748,-1.2506151182234424,1.3113128817733375,-0.40399587237648715
641,1.9973890957367435,0.6868794649950196,-1.1160527921244898,-0.3556968474482689
657,1.0384233242300103,1.5697944529878343,-1.4333516727369298,0.8377950761746953
666,-1.5473994615717062,-0.8732980495573939,1.4782328315177469,1.0638642421845348
668,-1.175628889581422,1.4149919770263764,-0.6813239299692833,1.329574143514133
683,1.546985568322425,1.3912272869785731,-0.6079381534164305,1.6949626515030953
700,-1.589476244138627,1.5234236663506553,-0.9777344276411792,-1.4588951601011804
732,1.9062260863177518,-1.6154687203056222,-0.18589883072183966,0.8240466695013202
737,1.9793885002510079,1.9116656546722295,0.5629038782344691,1.1262798408222312
770,-1.1970506771379208,-1.3137184226579572,0.3892382951881941,1.4719218936426848
771,-1.1527013121413878,-1.3159960557430246,-1.447654753267091,0.07123797694430412
776,1.4971849354012736,-1.335662622408643,1.1783267036469334,0.2588284344312295
795,-0.39086192293231603,-1.3825127703351727,-0.16711970045692848,-1.4362202470514447
797,1.311566824390833,1.8618764006779016,-0.7413289199078106,-0.9568530530561099
800,-0.5958432863683458,-1.935824106131864,-0.9689959807384771,1.4099508574152693
801,1.9664361729027258,1.3148197074751558,-1.0968198340245792,0.13099427973457622
806,1.9861250346481318,0.2079028366579907,-1.4572384202047033,-1.5238889123036876
814,-1.423182049620383,1.839992833169076,0.06838795688478916,0.9474061564275056
821,1.5077788265420442,-1.3124843049062287,0.10623915030664399,-1.2362032606606008
839,-1.452349859666192,1.6017546811990462,0.30831836315560546,-0.7897635487792938
849,-1.9139621336530088,1.9137291006214308,0.35869826352652145,-1.3484299687675816
901,-1.7899837486297554,-0.9452125838642695,-1.2793873189290221,0.5007843671748682
902,-1.5847666148478443,-1.0812624983503216,0.9900383384690139,-0.7466458250526808
909,-1.4317567555496478,-1.7556314641563593,1.0045394554377176,1.4281528005673163
919,-1.6665696091285795,-1.4606026062886261,1.3085007891121858,-0.755464544284941
927,1.6997723488893035,-1.7983583072131681,-0.4990175361939668,1.1086473614651364
932,0.78348424212093,1.9240272077686562,0.3853674057766021,-1.1088088889221992
934,1.1138144958028882,1.4811061715578009,-1.425541524535944,-1.0252237998477116
953,-1.119107974462822,1.9316948652365271,-0.2517976995328097,-1.3260193246447929
957,-1.8824126682099278,1.377586632038748,-0.7127784106591415,1.0313192959640163
964,-1.7265631012458273,-1.482016327181992,-0.0034261908617714276,-1.241024069677731
1006,1.9382190478657333,1.6922633423968674,-1.2528001385582028,0.46071198938783153
1019,1.3403406133563043,1.3931268304892686,1.2946899550215654,0.2784886551571857
1020,-1.8789198151735147,-1.036904056576602,1.497838688408902,1.1998829613935778
1034,-1.21797158308057,-1.6059886009237014,-0.8474748536400898,0.7609745471014584
1035,1.2466130780199798,-1.2504573309569502,-1.3883409173445718,0.14256682475255067
1038,-0.825121963057549,-1.6817026825302044,1.1487269120816244,1.4384998207987807
1060,1.773623905641828,1.4194654053607665,-1.4605323103772765,-0.8060913239450591
1071,1.7338605002800658,1.4073796537523355,-1.4282916526661626,0.9836728401208186
1078,-1.265139482582287,-1.2758151937417712,-1.4265262327115131,0.47234610737471616
1096,-1.1807027683841032,-1.2476606431046768,1.3766798201333224,0.47737283629830474
1097,1.366863295478531,-1.1111400204729271,-1.4549037653501755,-1.3583970925096844
1100,1.7317289505914526,1.520767426330833,-1.4025629967918318,1.4085091037613453
1109,-1.8750037089998934,-1.156716299429767,-1.1722254614595058,-0.8915491876249519
1113,1.0883902742259814,-1.4139181296056686,0.9056800923095567,-1.4480025724653096
1117,1.9811596072797175,0.5226353367690413,1.4890149579960088,0.9740706147636846
1118,0.8416925205177397,-1.1212374566789634,1.9604785061494083,-1.1828665089368142
1127,-1.9429107208023702,1.631363764292796,-0.32989723255256687,-0.8125121674599676
1178,0.9956488233202472,1.280617981384387,1.446920985050439,-1.1977576431979675
1194,-1.5547823009930775,1.4498634656643894,0.6272891888032635,-1.29816017659518
1198,-1.9343032800286881,1.397480219934454,-0.9808201810280575,1.0555307090996298
1205,0.9408521720050484,-1.8684349717518307,0.9562289292290598,-1.4204614688105757
1223,-1.7003306967337335,1.5571445208620878,-0.8811022628562504,0.7800966788966859
1252,1.7482971747174805,1.0827457858913796,-0.8568266684985355,-1.1672415646036396
1256,-1.7095029788651663,0.9161698930614257,-1.2464744947277215,1.8740500595392713
1267,0.5365730053151276,1.2815741905717823,1.5696534541307199,-1.7875283902868762
1274,-1.715241294987809,-1.6816551040349372,1.1597255353196272,1.3815325062605566
1283,1.1486593662618554,-1.4290317035790623,-0.6687217861236636,-0.69898537244466
1287,-0.8514899489099927,1.9429601550324107,-1.0236653115368637,-1.477895745850664
1314,1.1491041345368727,-0.3435329803420726,1.9964051779122904,0.7626015280318925
1316,-1.7090051537517557,1.463496787012088,0.5532242893549602,1.1690947609866424
1366,-1.6670464660929656,1.4217764733025784,1.1126147625106504,-0.26951482341734057
1375,1.4163258039534203,1.6217363926586659,-1.5051282159447252,-0.012481346533690818
1395,-1.6385960353753246,-1.7309466399453646,0.2959564946992934,1.1913503136017911
1411,1.0429959303761236,1.9882559604485697,-1.2359446286556968,-0.6769977047086067
1416,-1.232088235899131,-1.5028582823388819,-1.264719655300591,-0.02117339030334131
1423,-1.9228748038108932,1.5959214692796984,1.383586576417021,-1.461767616464519
1432,1.5197149636458702,-1.7466446670857647,-1.2435723171818984,0.13419497697216975
1438,1.6119925290290915,-1.1740947936239858,-0.3674106260612522,-1.2544979924492732
1450,-0.8588228452849518,-1.4008350666962932,1.2243529598433969,1.4318987441240205
1471,-0.5590711785173328,-1.8498418408346438,-0.20103271622655416,1.499939325068826
1474,1.671496527795822,-1.5224333270963517,1.1441367254417285,0.044579842686343074
1513,-1.6238468112643725,1.6491120920213271,-0.5471738739593581,0.8324350569829058
1522,1.8898301566668234,-1.022000732838693,1.4639616597374272,0.4868203222622238
1537,-1.5880208319897324,-1.6891005512642,1.2757898985387452,-0.23000598123382243
1551,1.8872769244680683,-1.3501623664383002,0.7602331988358717,1.3160012661250242
1555,-1.6384050859146995,1.1465870261521909,0.9133418339544472,-0.18556237514288787
1570,-1.330485342552274,1.6991510431772845,-0.789731102514085,0.5406306290523428
1573,-1.2605871804888116,-1.3917215114070935,0.2133623977628707,1.2017317120355182
1639,1.8509528487927214,-1.3826606495280247,1.3261515925558958,-0.13600443341660506
1643,1.1349374764188234,-1.2580713553086103,-1.9225550316281295,-1.074534805484196
1650,-1.617740418436517,1.8444884625579059,1.1589727071973326,-0.6716712294591383
1655,1.7903088644370708,-1.581461374498713,0.35857211921705945,-0.7596157286896852
1672,-1.270817724260357,-1.1961969922937565,-0.8406489545629552,-1.4996760692236308
1684,-1.4543900688157754,-1.647941620967027,-0.021734892904785585,-1.0233912722219691
1687,0.7621656608225571,1.7341471070066254,-0.6486115994812702,1.2336752531431694
1692,-0.39792429234500304,-1.3977094682923776,-0.13128580339898566,-1.54526086160454
1701,-1.180322709097593,1.5928814277213883,-0.7523253029839947,-1.4342167539450035
1709,1.8955239939974318,1.4579829438443856,0.4014021252097377,-0.9659140312387788
1720,0.91900290154617,1.9109875719399136,0.9594846846220886,0.8402665575383463
1741,-1.7617394087991842,-1.8332890272316704,-0.29415129261341555,-0.8148324981917376
1743,-1.0204407096054164,-1.967672709103645,0.5559418667767857,0.8593182595276292
1759,1.691012854785379,1.1592257619819573,-0.7905548058420662,0.8805589538995204
1762,-1.7791213809933408,1.831108020264458,0.44352504662244163,1.3095365269605197
1766,-1.0285029254553084,-1.3177572619916464,-1.3536052140220933,-0.5189800184766762
1769,-0.8623689160302739,-1.764401510782649,1.208660984228791,1.2064149934676824
1773,-1.3917003024373078,0.2971034353277826,1.6892215842309448,-0.21390335802636873
1775,1.9814499716600045,1.0928116963771695,-1.0093053471469142,-0.45888230641256644
1781,-1.8951785092635371,-1.1511513373388595,0.38639603054069527,-1.5506471771776256
1785,-1.2369414213060774,-1.5531172812209668,-1.3353293361024732,-1.2353798307774837
1841,-1.9149549290442134,1.8980636990420265,-0.6228600620664144,0.15371949396547535
1848,-0.6940400156245503,-1.7565831201624262,-1.3333234391904472,-1.4010961678665161
1852,0.7437643785452588,-1.6283090848593877,-1.339758202671518,-1.345833043759805
1856,1.439549734851314,-1.3156406519930552,-1.4954392994277512,-1.1330053451534758
1861,1.6825465466423952,1.4308714190743754,1.039664940105126,0.5856317004848983
1870,-1.837512443487106,1.8469849008561887,0.6962942119463076,-0.1772456329990999
1898,1.9063941491441958,1.740876365570574,-0.1566040538743172,1.050074216236868
1917,-1.8751694788144189,-0.7286283043756976,-1.4821225444715194,-0.4361084592206552
1929,-1.9785012091115255,1.5951297817240278,0.15603499542906096,-0.8677329650669443
1950,1.6150801192056683,1.8090048508658723,-1.4267175889951016,1.1355489707742281
1976,1.7217770811520676,-1.3925267410547546,1.3736919473944686,0.5503045324617291
1979,1.1608167304818124,-1.7697779493970174,-1.0638392127912009,1.2427418333805487
1982,-1.714094462889721,-0.43243252171451907,1.5803197755484275,-0.7292548440048585
1991,1.4443967542399383,1.0416819086470692,-0.9638247291179187,0.7611894116987159
1999,1.5388220597664204,-1.8968155843248216,-1.2180643047084265,0.6122826773124288
2007,1.727033098570295,-1.204399705704379,0.29259814299678943,-0.7370330058994794
2039,1.7745976471361962,1.269414943612098,0.13143278549829773,-1.4397758209106426
2044,1.1867332725884614,1.1577299447588913,-1.232673533491469,0.8703907426973028
2069,-0.10957364873190967,-1.6141516993812677,1.6600750179260522,-1.851630506419463
2077,1.8696690153721574,-1.8468101739681533,0.23664186621494432,0.9356999259006842
2078,-1.0012280381426701,-0.8238298863578524,-1.6611425466998457,-1.0817683023976152
2115,1.676857636385245,-1.2381624252191252,-0.7040406981362834,0.47503534153995197
2139,1.7935488232356125,1.8523227234432,-1.0256835240954776,-0.11016457013916714
2146,-1.8262694566173914,1.6808991931885902,1.4599194003389488,-1.216659576437055
2147,1.3175832300462647,1.2204408295783686,-0.049921904136664086,1.524780017872715
2151,-1.9783418634458054,-1.6751119819522207,0.1698827263228213,1.297746170849062
2155,-1.8219915097309678,-1.19925685767149,-0.4420319829581958,1.4468867220938764
2156,1.3559333957124178,-1.636957083356109,-1.0973922111669872,-0.3731832715939176
2161,-1.8389199467901864,1.849009787180722,0.5048149646928972,-1.1011673534626771
2169,1.4178802954400895,-1.8200063435361398,-1.473633466153769,0.7478218031996651
2191,-1.563224251215689,-1.170399737008713,-1.1911218732327478,-0.9315407932525823
2205,1.9596614265732595,-1.5086503517782175,0.11945812079928775,0.9901535854738643
2207,1.998783346500661,-1.9932489765728216,-0.29685604258655074,-1.2782649456837718
2208,-1.60883744607436,-1.1462339695867176,-0.7073071931428596,-0.8601149586012098
2227,-1.921434667025817,1.4989281100226641,0.5985203446621261,-0.6488003008329581
2234,1.9729915862789875,0.8669617481190972,0.1534423523740771,1.8902865626141154
2295,1.839613945209658,1.5968719625425414,-1.4072787266390927,0.918909027917584
2301,1.5980976303521977,1.2282526771463043,0.020393549988021675,-1.1975442376496779
2337,1.6369467122806358,-1.2942744309727234,1.034849733663672,1.1696214180566908
2355,1.2964910052007972,-1.1580034949199312,-1.4803557174411877,1.361370022218666
2385,1.754088871407086,-1.9113556600511887,-0.5480507960912981,-1.4156712083932415
2400,-0.9653504514882543,-1.4252080254480055,-1.4658302193796366,0.7754090148779533
2414,1.7563091258170394,-1.8755778010319455,1.2858633285051586,-1.0260414699708353
2441,1.4516459895408866,-1.2418228686851784,1.4168332769861953,-1.1740192366224806
2445,1.6372796419021745,1.9673361962511984,-0.47585979639278975,-1.0073522658197782
2454,-1.0138184339823595,-1.648945432970823,0.7736522902704879,-1.0068578658222829
2477,1.2560523522447604,-1.8471438345090476,1.421762289551849,-0.6919724246222141
2493,-1.3620526552173553,1.984920430052505,-0.5912928452314095,-0.45004990346506757
2505,-0.24829617426905948,-1.5786254378284323,0.05423279329504238,1.58119418221482
2529,1.9231863590569271,1.9132464391947583,0.8436439991869666,1.3678052363260451
2530,-1.7540935044848482,1.5505303566119184,-1.0264351884971061,-1.3462091427595726
2546,-0.8201196277853295,-1.5285757778763385,0.3774475831015134,1.5732188888835985
2548,1.3232015220770612,-0.8938090580736398,-1.5253852250436313,-1.2398569875584595
2568,1.8430185383835846,-1.0732699473493676,1.2967332320348826,0.8731100219818289
2586,1.276828662113521,1.4195217313980804,-0.24146499788830633,1.1601518650552958
2590,1.364658892494902,1.7724888212368195,-0.9510616326499721,0.5814975367914483
2591,-1.3887350831953982,-0.941197674473166,1.2564047694179123,0.9377300397390718
2607,1.8268320683788803,-1.9174553513345165,0.24210207244998694,1.2786646796227865
2608,1.2313749270340817,-1.6268268551494605,0.5373224107377075,-0.6507378932184893
2610,1.6063014039814334,-1.0363271387653579,-1.4856542800247836,-0.9690424877657371
2616,1.0015696919611967,-1.8512121999308517,-0.5022184920226676,1.107992508313767
2621,1.1675661521341754,-1.2348890792402933,1.3425851223977219,-1.1746258622538837
2668,1.9496742358177879,-1.197130747095538,1.3713145071018622,0.48142546931418906
2687,0.10976554199296329,1.8724450416320777,-1.5844304212218314,-1.940039229319512
2702,-1.21246464231076,-1.3620182865859194,-1.2214250665856055,0.34575884702547555
2703,1.7956877056623184,-1.6109992422322703,-0.8220268204159273,0.9447046339731071
2704,-1.7419566510886777,1.2093881977934133,1.2153102214368756,0.15280127193440896
2709,1.5631083076256362,1.5746927547316356,1.1607827857922102,1.2286800930936361
2746,-1.26147239095833,1.2244976354322117,-0.4113135325121009,1.635794295580515
2759,-1.840677448192472,1.3574295848255917,-1.222317055621549,0.23370982114615524
2761,1.5589914557287967,1.989501993715478,1.4765500433474696,1.3634799232825614
2764,-1.7109296555166145,-1.85372095631497,0.19353132592242428,-0.9587008598172764
2767,-1.7338402283614385,1.1659839600237638,1.3524924145084376,-0.7790371946638803
2791,-1.2146196516774017,1.2548064801776317,1.2811700564039055,0.5649646402311919
2798,-1.6088783113254275,-1.0848039313598181,-1.1794572265608703,1.132014047216261
2801,1.7778221171446837,1.8756975941377454,-1.162449715478238,-1.4884526059924572
2803,1.41409617459317,1.725191514145529,-0.7956080956557607,0.2820475766683983
2814,-1.6500788712964098,1.2637890696477205,0.4756726742331048,-1.3291681933955237
2823,1.9872661950452661,1.8096141439309457,1.2279595319501437,0.544274473062814
2832,-1.0608114890400082,1.6156078789591648,-0.9668630095390323,-1.0032375615756264
2843,1.6590620369998534,1.7273650068763304,-0.02233820741557091,-0.7870350515106042
2871,1.3195882092815285,1.1810416453434445,1.1432573548596596,1.0994543825330991
2875,-1.236102477470558,-1.4949889006285626,1.4212057144720096,-0.7310041206285338
2881,1.437942478040323,1.0417998922607845,0.06794791779000864,-1.3266731139055898
2885,1.3356162026502951,1.2689047960946267,0.37553384843301263,-1.3002403784742365
2895,-1.4230814462790824,-1.221054177352988,1.0242291573895441,-0.5676852671941339
2902,0.11141047725579556,-1.6555387471756577,-0.0733177765961015,-1.9059874505925039
2905,-1.4790247361913935,-1.9458621579415274,-0.44024497239814675,1.4025759626254608
2926,-1.3774828578808958,1.9271253753729778,-0.7311393769032217,-1.369363195582482
2946,1.4943739337178008,1.7332775287654942,1.3514744398901644,-0.971481460442519
2952,1.4584680060088808,1.8746672350322497,-0.3364712701493193,-1.3033041593994277
3009,-1.9131809993498008,1.779683843471675,-0.30975146849648105,0.90246703627531
3018,-1.6959830886947653,1.293645104401739,-1.0731304699845818,1.2003310142405734
3053,1.4015926135557248,1.9018067639276115,1.4545524031265291,-0.6382332353020361
3105,1.5515359036719465,-0.5512468844191418,-1.3389024254052266,-1.8607995298875823
3108,1.013072156938326,-1.3370238827622059,-1.5008706818569029,-1.4693016449493657
3117,1.2162164907738484,-1.7064896868470063,1.5209502813631262,-0.5869453093248738
3132,1.703476230090947,0.8026129407192046,-1.2219064892246752,1.0486514441047694
3134,1.647227313562237,-1.5475244087637865,-1.297377056920944,0.05261864408969874
3147,1.5711373389968863,-1.1563397290167656,-1.4949667117495666,-0.7887005049581299
3151,0.8409618452044589,1.9775225463001682,1.3032529653876197,0.4965711361075926
3168,1.6888628715185878,1.0863769417996818,0.858704213402059,1.334220408849899
3207,1.8492643779670916,-1.434564616756913,-1.30118587878672,-1.2386487593581608
3209,-1.1969165879891945,1.9681775223528164,-1.5004542342901042,-1.3933569359929323
3217,1.1506285368442182,-1.9069408949549018,0.9903886706251241,-1.0691551471287188
3221,1.1769286338391631,1.547685952031177,-1.122290390308771,1.2493131569488916
3227,1.3211644369725781,-1.1978519922741317,1.289605187803537,-0.12393381308329765
3230,1.947270268980696,1.4377034332127132,-1.0615542468150867,-1.4204505686730413
3231,1.8562262079902978,1.558027858822673,-0.06851962568524828,1.4622673078983017
3233,-1.6784806622391781,-1.5213474538378233,-0.8608124262424743,1.3341840296469134
3236,1.7536165962588206,1.3457670225501905,-1.0762737723837281,0.8656756020920766
3257,1.1880186508421748,-1.8419648817548326,-1.2368296764436622,0.25261695110003446
3272,-0.6634974411171437,1.9233331580768298,-0.15762059338166212,-0.7643134532723153
3273,-1.9772313519586913,-1.37457018459768,1.380963762051449,1.0450780378489815
3302,0.6807568014921324,0.9752199407605047,1.311729180573621,-1.891064121844983
3307,-0.5927631805654006,-1.475859609960387,-0.9242699084017079,1.6557351621613359
3309,1.7733307911543785,1.7324029514032935,1.2680712463403316,0.658022976853299
3322,-1.7554764244151433,-1.8952316938322458,-1.0761298113710032,-0.30407926308183875
3323,1.288286179261049,-1.9310035631761306,-1.4018553404903984,-1.0896055151373618
3331,-1.4881394779469397,-1.3889379764526235,-0.07728967506370799,1.3998321323098173
3342,1.5747888234966712,-1.6038544015123084,0.9736268255815999,0.8440547442773356
3352,1.9241251285021108,-1.1260190670299322,-0.997241928452214,-0.12789177307325872
3356,1.0459652828953563,1.81835180278122,-1.3820960615635411,1.4939353077538828
3370,-1.107626486708535,-0.8179506628386215,-1.587193672979756,-0.7072089722047643
3390,1.6768816715139168,1.362870540770437,-0.8407894756869205,1.237425933658491
3394,0.4928358126446808,1.8837422867267342,1.668979037422043,1.3839729661644018
3399,1.7076763005546844,-0.6411035722464238,-1.2264463767533393,1.4157458283818625
3400,-1.9758942053362976,1.46885128462826,1.406450382819647,-0.5519772609669817
3404,-1.8359806214897216,1.7915920461116337,-1.472796688324189,-1.0296531784612495
3438,1.3511286071542,0.9163427644131401,1.3601576392826749,-1.2541782932981214
3440,0.1656248559725868,-1.9920853277277701,0.006375640193725829,-1.4360776464159613
3442,-1.618873237344404,-1.7327221691377415,1.2662348258638967,0.00015540347964515533
3460,1.1598105953444553,-1.3145497154257182,-1.36963258071026,0.5461854441970981
3492,-1.8631557605748954,1.3596777512045266,-1.3785574303499466,0.8373135041680144
3501,-1.640581943693853,0.20805512313797703,1.5528461178551862,-0.07121774184202989
3511,-1.4102738633000893,-1.2914174319621319,0.6207276926942664,1.2692013958614248
3515,1.366440024836142,1.8878612225469893,0.4362592371980445,-0.8218865294388973
3538,1.215142300267523,1.8657063936054912,-0.688268767100122,-0.9822132247916122
3551,1.4925225589235964,-0.6810308389989945,1.20054915996469,1.9189619304264123
3553,1.2162658047966324,-1.4505769636841315,0.6130774708476658,1.368656571368768
3556,1.584669478292883,1.4973702287015134,1.4378385112532448,1.3288002421361362
3564,1.4991238252400998,-1.6824391709487232,-1.3257780472088596,0.46871833520560635
3568,1.8646250790076504,-1.7202629819549768,-1.3480823132257798,-0.2461974330455261
3571,1.8530257069398388,-1.3571019467484087,1.376701506790667,0.890669235017362
3595,-1.1089171338065529,-1.6046659654993634,-1.4413480453972545,1.3476130049060506
3609,-1.781065177253185,1.4716056361361272,-1.0089413253925206,-0.41086680595753045
3613,-1.2789599631097222,1.6173263628634347,-1.1165068934117026,-0.4200752605164886
3619,-1.070617197672267,-1.208266100945878,-1.3219457755376363,-0.5646133850578954
3632,-1.4207104835463773,1.448458056588227,-0.034575546352804576,1.1638050905476507
3648,1.57755596571163,1.826868554826754,-0.6846950114821384,1.3736003404122084
3659,-1.0878015617946186,1.292369047409983,0.7234957922420362,1.1361992728899937
3663,-1.2462180153001374,1.3582717088439384,0.7361812225807371,0.9271218057568746
3693,1.8230575073282065,-1.096089554066908,1.2083798616417671,0.45625007303477716
3704,-1.0219676343151352,1.6992141566364642,-1.0534075894325134,-1.4169831150883834
3717,1.9966592282748468,-1.416809988615578,1.3088441057039044,0.48769712782123875
3736,-1.1357675478965903,-1.6807963240013986,1.003257231031634,1.2331405169496836
3743,0.7213930441904277,1.3176501465607733,0.9790479277242579,-1.7031747621163658
3754,1.103691202617144,-1.4089665986614088,0.09812420610576034,-1.3521241955100152
3761,1.8928547044004778,1.4596660461263085,-1.3805850028748052,1.2208182817213986
3769,-1.6223534169256157,-1.846679336550665,-0.09167905877487437,1.4410648291167996
3779,1.915920724008036,1.3073276947623684,-1.4820929710624688,0.8727151988607242
3786,-1.2920892138127198,-1.8086733455344741,0.7411359118930183,-1.0851720187118694
3793,-1.9347797842707237,0.9317907666899519,0.7492097859580493,-0.3133853719763251
3802,1.2121175070264516,1.685981912208406,-1.3547859202691943,-0.8681524414886357
3822,-1.597954482254886,1.733530816920159,-1.049745526747543,0.9358774664516862
3824,-1.8237258317736385,1.7419931593232931,1.4343143764113435,1.029623138862851
3833,1.1246851406376583,1.8359700601383557,-0.7664019883121802,1.1821923200433475
3888,-1.9653798223327419,-0.35370904249793034,1.5988945725026733,-0.9330073247296538
3919,1.7586634966326637,-0.9661239094931577,-1.3098716925366682,-1.4006831248073373
3920,-1.3405565615153443,-1.185021098166215,0.6622308216658723,1.1509818664358935
3952,-0.7591548568408442,-1.4147946138653875,0.905836611320797,1.3550110407430687
3965,0.961410437684652,1.5087255573668137,0.6345559634876068,-1.3261499249213222
3983,1.6086198429229142,-1.8447456038398924,-0.533278817453529,1.4360274180571442
3984,-1.5958987975041938,1.9065343913599513,0.928740771593608,-0.630248282954859
3986,1.9365596107842311,1.7570836419352078,1.1406905708533617,-0.6068398792477736
3996,-1.5060680650444649,-1.5907729655870098,-0.8414236085374562,-1.492187601879209
4004,-1.325452947764218,-1.1430041383262148,-1.4179420994705656,0.038654725864689876
4025,-1.4572135565011415,-0.9957567759303614,-0.6939864609085058,-1.497694369155679
4062,-1.3510003198383487,-0.7378411831588245,1.2561847515777953,1.4824687129201193
4100,-1.7505240328045164,-1.8447295955332903,-0.302767076107068,1.2235469856419714
4109,-1.2660259314883495,1.5752249798336777,1.212950716529301,-1.3086860373999847
4120,-1.8819791809033237,-0.7423300930382144,-0.9098313357676044,-1.888542180712855
4125,1.4545304819607914,1.961754559213972,-0.9701612134003454,-1.4852757785969368
4126,1.6598058972245702,1.9924190458141426,-1.29370290175831,0.5120666588702654
4149,-1.344968759116239,-1.9135662617038727,-1.3547100182097114,-1.0725425398997452
4200,1.1637943376746849,1.5539498869249404,-0.2927602859743015,-1.3457668444624233
4205,-1.089136182833939,1.4677121216083155,-0.14241039663145783,1.270591998753587
4206,1.8732451012550353,1.2242819090948642,-1.1141522511256694,-1.0852399364488994
4209,-1.022639282956043,-1.8636366249518583,0.5204645518022644,1.2738506714890683
4237,1.1306262031027736,-1.8025869209899135,-0.6596282152192692,0.6235395040949578
4262,-1.8029724735425123,0.7555904737545815,-1.459202036222012,1.4301437682127878
4270,1.658798791070855,-1.2814636835600521,0.41457298929184283,0.7531280326735312
4272,1.7200120618405763,-0.8308573518306801,-0.9546475125798652,-1.894588743301028
4292,-1.989561780147925,1.7088880745338066,-0.9763792303314691,-0.9958395571821801
4299,1.9386520796791924,1.9101480238659718,-1.2926984966019552,0.15757365939884238
4301,-1.7548374443143615,-1.3479751087906267,-0.7904818879458864,1.4827987278959927
4313,1.6782769157451773,-1.9534027121035153,1.2727436917171882,-0.09076344853205764
4314,-1.5657528841531803,1.3796918124016497,0.24239338294139223,-0.9925562421560103
4323,-1.945326429418552,1.4682088653053182,1.208010065872458,-0.40563407813324037
4339,-1.5665374131994785,1.2517451549082113,-1.3993980315734498,0.7446530545352164
4355,1.5804355744224132,-1.6434344947107977,0.31010375237682597,1.1345079811862613
4356,-1.2314448792691786,1.2802124848518717,-1.449495315368369,-1.0553604234395468
4374,0.9008297897266528,-1.8690919851721848,0.3630954586667894,-0.7925117876030665
4391,1.7241971678321413,-1.5216200096007606,-1.2713429436691155,-1.1919004161856939
4392,1.412907420893525,1.29313569538684,-0.8973056022243302,0.9390827533346453
4403,1.5227961948823983,-1.5674611831042995,-1.1493605872762358,-0.9599811823740168
4416,0.8438745298495514,1.5076199069975198,-0.1973640178638747,-1.2870709513949472
4428,-1.2993618624999872,-0.9645303231126832,-0.35757418978375277,-1.6522552726227162
4458,-1.5056311174790977,-1.468459688171,-0.6335464930112407,1.0828191767027557
4471,-1.860436152019231,1.8065990283249995,-0.06164455795873547,1.2142035954298875
4473,0.982094795850275,0.663106488547494,-1.6905936817324272,1.4031135611699042
4475,-1.198832597300402,1.5706467230184193,1.2483608230046648,1.2030022876836242
4481,-1.7387706481777094,-1.326415963867377,-1.399181462972602,-0.8812527670350616
4515,-1.133399924427963,1.8043188736379383,0.7754815394597938,1.4996945283428964
4519,1.18166786666572,1.6127293445133746,1.249950047081875,-1.0799210671015609
4520,0.69662474781226,1.850221936778857,0.7178839843833371,1.403656817668986
4539,-1.8570436605045009,-0.18296772315180387,1.7155850035861158,0.06819227769957825
4559,-1.5948580829784182,1.8123700257776965,0.9154917175622015,1.2144245145487078
4578,-1.8997230459714198,-1.183589657411075,-0.9584786833908225,1.2658801716358608
4586,1.2586829421948682,-1.6167215293094541,1.4060371457429186,-0.7426984756869053
4588,1.9920212289474866,-1.7680264847913674,-0.8369624244014742,-0.3013792453307387
4613,-1.5299304714553577,1.4296217817757841,0.5960524276434684,-0.7852681783018807
4615,-1.8500382160633477,1.865698324021161,1.1398055074936422,0.3975708787836947
4625,-1.6578401688249769,1.6251854502937815,-1.4454320442446358,0.0900813032525738
4660,1.212367767901699,1.8375854437015215,-0.8131743236462552,1.1206748722456954
4671,1.5140227789641911,1.4305029460214773,0.585071769252187,-0.982545620583152
4674,1.631141134610231,-1.5583666735351756,0.5565828994045083,1.131702245029253
4683,-1.04271383633152,-1.672580932763319,-0.005464139939367563,1.4599439302867054
4688,1.380458719341421,-1.4817465404816734,-1.5086968209967493,0.5835105084863987
4701,-1.8180261930329893,-1.9960050417696604,-1.2624888594993835,-0.29100131925833095
4716,0.6940049492972351,1.9268142032950748,-0.98353114421989,-1.4477744967129715
4726,-0.6261645432307303,-1.9648733023989893,-1.909804492255907,1.1252823238571805
4732,1.2536152653381354,-1.2457673266384166,1.3263993609290043,-0.664231812129076
4734,-1.6660526356625525,-1.2924258306684746,1.0201879540359444,1.2146676593541024
4742,-0.8896113050511429,-1.774549056786587,-1.447221515673848,1.324815277009178
4776,1.8998575738405257,-0.407314629760422,1.3440430238678913,1.3458044620620764
4785,1.6782786989920715,1.8471152827773594,-1.1796608668688142,1.411466126565593
4789,-1.8459955406475248,1.997812877521608,0.7246222336369548,0.15268501390847966
4815,-1.6396235206374188,-1.928061654236147,0.5962098872052648,-1.4804039338318646
4819,-1.4533417009468117,-0.9831808337882584,0.9383006514542283,-1.1393517817515
4821,1.6622840159012582,1.8045433407382445,-1.1592016691962126,0.6718219156471918
4835,-1.209300918615913,1.703888636453022,-1.388829762266063,1.4544168425293797
4844,1.6996813570658302,1.242233874335613,0.651116187158344,-0.7548335168251175
4879,-1.777477599250624,1.7348625290507553,-0.7220658507331921,1.1283715052732615
4886,-1.8798668187902225,1.5922687888684197,0.9502878164052739,1.2090140072421298
4899,-1.663205014649864,-1.9216159800853254,1.0873086830276493,0.01743569266209155
4912,1.0230110196507223,-1.9634308276003591,1.1170244104906746,1.3980508371474687
4919,-1.8213496030207863,1.1221143493053227,0.735292219708787,-0.7973145956914602
4920,-1.7511883866520308,-1.4330778494062129,0.4866530235156765,0.7254131816166045
4929,1.6623081017125925,1.3888319984941866,-1.0159529088693673,0.4266263664837928
4953,-1.1541694743279134,-0.8523869450927171,1.6078998178360013,1.3010726960562677
4958,1.66883523149539,1.4765527980654998,0.34765357998880075,-0.8249384563280562
4968,-0.1842557779378291,1.752115296003057,0.0704381890016319,-1.731826114939992
4998,-1.6731126498640871,1.7018699829603143,-1.141264202660552,-0.5221013487306432
5018,1.924838440124538,-1.2301119923058832,-0.8495354841074887,-1.1288555657310209
5044,-1.918252148104199,0.35168904312351135,1.4661600933661716,0.03554825666367245
5054,1.0884249166636346,1.807033567613375,-1.4757796596509118,-0.9565657315753566
5081,0.5633078605927699,-1.8336660223566867,-1.363504310398969,1.4214181431883173
5085,-1.8606311246265892,1.2713911265977935,-1.1538658698054762,-0.2500753320573019
5095,1.2346358645476938,-1.4308221346313998,0.3553424789879789,1.5159308033012833
5096,1.4223814444927663,-1.7239311770401406,-0.44171758571455877,1.3564341954272758
5111,-1.8086616367018875,1.492775637713013,-0.3920364376761447,-1.1529765550918438
5127,-1.9968398345947707,-0.6324781137052948,1.0597360532012488,1.6829511641523904
5150,1.9141488398531221,0.7970484763081327,-0.9416631936976407,-1.2358231892269989
5151,1.465325254954534,-1.8664767545820093,-1.015784125018513,0.3107343638951243
5155,0.9417412503048062,1.8668565622831914,0.2070223325046503,-1.1302315377231245
5165,1.513664110659437,-1.9770742762265394,0.98148698001097,1.494394833647195
5175,-1.777235364016585,-1.362998264099712,1.0038732591595716,-1.399853190452332
5200,1.8024703384376322,-1.153401415501203,-0.7473312994910026,-1.4651614024749375
5215,-1.9048657846530221,0.7937565379906562,-1.4851715684162503,-0.864422013965791
5220,1.681784732068941,0.9311740270901505,-1.2922836659509964,-0.6739679030313819
5237,-1.76264743446063,-1.7418162409411928,1.4487455143551995,0.36422100908065325
5243,-1.1656794712061838,1.5915944686300678,1.3487450362801714,0.412464511686391
5244,-1.724692222573057,-0.6500025093975927,1.4605551279901636,0.3050121300998039
5266,1.4056446762169328,-1.4096869955276885,-1.1653017395941236,-1.2945008596144465
5274,1.3580352227110253,1.8944760613138882,-1.3032931510491563,-1.4042182217833017
5296,-0.7688923240419876,-1.47988651187518,0.7027628923483955,1.22997119056757
5300,0.4235472527978916,-1.9800714116409104,-0.8087059418677223,1.6209474840886826
5308,-1.1967899857566442,-1.2113983843691156,-1.2742922692072112,-1.418339456709608
5328,-1.5554794274781374,1.741192801500227,-1.0903552197525785,-1.249269491623167
5336,0.6782237638363648,1.5575247009937572,0.7974435121613617,-1.4783016424826698
5344,-1.3144539115762468,-1.6920265480523695,1.2540674028976255,1.306036897913911
5363,-1.5675772338818534,1.7587823432081913,0.15094135342277681,1.4468085009224625
5391,1.7868776735977647,1.967966366825883,1.377947798848671,0.8058904958408535
5397,-0.933367189683036,1.0921820229578634,-1.2877909045475082,1.2878445584578375
5427,-1.195458742902273,1.1474990910894043,-0.37907691811592725,1.499525422526947
5429,-1.9645324287538108,1.8381298424814436,0.09230907773003949,-1.222129354287849
5432,1.615041763651596,-1.348774658818153,-1.0429210648296028,-1.2136963462212043
5443,-0.5133515185835087,-1.7104809246692496,-0.021734416782164256,-1.7258166424034544
5444,-1.838747034980572,-1.7950456785095197,1.2460993327641492,1.3310618421220135
5448,1.6758542361616313,1.2771891981304528,0.22522892230015845,-1.4238943868118308
5453,-0.6781768925145584,-1.8704257120839713,-1.2791609034134899,1.2829601116279576
5454,-1.5675084029460677,1.3393576464792467,0.8841291016294224,0.37521520562633137
5464,1.3986445510068126,1.8804304499435576,1.1802116339910729,1.4403067081993601
5495,0.2391631153610505,-1.49605452751033,-0.15919290365831662,1.597271637020362
5497,-1.2208973672836545,-1.496909517092356,1.4449196670982256,1.071566321293501
5518,-1.185353797299522,1.2066774587677176,1.2403295110258776,0.6448971035056204
5520,1.4037021388893125,-1.167530344420114,1.1686287687175771,1.4400106459043944
5521,-1.6170751857784942,1.3584700320279923,-1.0436025000024873,0.4030688355576606
5531,1.2393992546283155,-1.8092235417931422,1.1242853324745683,-0.5181540605173067
5536,1.4543399356167006,-1.158464794474268,-0.7444277049002688,-1.1831934185174213
5538,-1.428272674777301,1.5736918207320056,0.7799165202675589,1.4108921310611944
5544,-1.7854863710525546,1.439148701485626,1.3643599379407956,-1.2366518406176947
5552,1.3709935261326787,-1.5257981202253998,-0.6277330389739033,0.8248727990609215
5554,1.8483761390410605,-1.377863474342989,-1.3133605988885462,-0.8228818893588836
5577,-1.0925282420847178,-1.3915880733657002,1.1008786677691678,-1.1322116682248828
5586,1.030586095357211,1.768171729104385,1.3158418930704174,1.1819193818422997
5588,1.8489210997132108,1.0689477225033315,-0.8532261210832206,-0.9469833726886607
5592,-1.3776778379003018,1.166782472153995,1.329236902264428,-0.356114532309852
5597,-1.579076850759225,1.2645289620825308,-1.2362099887747386,1.3745023033059733
5598,-0.7219832834946573,1.686978180796523,0.7097886473300155,1.4769606721182873
5606,-1.962381004098353,1.3920600304030835,-0.37070375417111645,-0.8563186189806822
5610,-1.4698095988145763,0.7075062444372962,-1.2643777696507907,-1.5883337752766535
5624,1.9276243697958915,-1.7877289506723826,-1.460239616783754,1.0752096557477762
5626,1.6345658460121997,-1.7585669204839411,1.215725720986348,-0.7671940288392336
5628,1.3716731439967838,1.1968221471300802,1.2014600667432886,1.4749162167933578
5657,-1.3188035423187454,1.6020965803709437,0.7982774150361682,-0.15868504996047417
5660,1.5082033370433798,-1.340534487080919,0.32571523148270565,-0.9228683191411009
5671,-1.6320970436640612,1.8804920714756173,-1.1437723766646193,0.5861975545072919
5675,-0.8985261152917285,-1.0802548515469028,0.505445562888855,1.8005235742148047
5705,-1.9713067737006509,-1.139995878189887,1.1639758885718652,-1.0253353980002209
5716,-1.3997073794641532,1.3535321186418163,-0.32303180626908157,1.2775716139533366
5731,-1.525383844999669,-1.4591992365451727,1.4541678488118586,0.7047088078782604
5735,-1.964352391213262,-0.5616468477803518,-1.0858683009839725,-0.23137951865688366
5738,0.9530240724626178,-1.3857737806475425,0.9659374745876863,-1.3318522629162013
5740,-1.751349800452076,0.7223880874677193,-1.3854952131794,1.2286439782320389
5745,1.15249347495199,1.418077631434623,1.1079247373473642,1.4714046357192974
5762,-1.568912438694142,-1.4695027193980428,0.5231208197710289,-1.096217876612914
5766,1.894819400660003,-1.161774511820552,0.5907060944542715,0.5207470887535748
5797,0.28641228179409106,1.9859466490933757,3.103621428879322e-05,1.0955409115126984
5806,0.7802510149921091,-1.901753199918213,1.309628886901355,-1.5146162264968042
5810,-1.961224431867438,1.1990985420589628,0.023777398954054618,1.2461005934867209
5821,1.1248461336145459,1.1062429745109315,1.5757889103812892,0.1096392772273247
5845,-1.9231047348588892,-1.4551436806762723,1.470418691771497,0.07659561716390728
5856,1.5656979505839401,-1.732896722483083,-1.1647607056908957,0.23012746204811574
5857,-1.9548152085821235,1.6482153453409794,-1.455076064151556,0.5718795181659
5858,-0.7795590041687892,-1.2737292430599982,-0.6254827109265109,-1.7803623565874602
5859,-1.843554803659079,1.9389613048325685,1.176903076521643,0.13846630889553202
5866,1.9490996753002703,1.8571345222313158,-0.9042830437094631,-1.4343510531989345
5876,1.5115362967980435,-0.7244469530521753,-1.4741630624391777,-1.041573771418872
5879,-1.9164460383687016,0.9277417452584897,-1.3929047693430086,1.44584527215298
5885,-1.4373843939551962,1.6037558706424742,0.9933340387024039,1.4946730957364163
5887,-1.9559460571980107,-1.2690550665539186,1.0183453802092957,0.08399187615676595
5893,-1.6976534901899067,-1.46838981554238,-0.10533356936978455,1.0913317396425057
5899,1.7744567058705565,-1.750810638966096,1.2636067724290365,-1.136438414351129
5908,-1.4851217751230692,1.1730192781327111,1.4530587444184797,-0.8104838449950269
5916,0.877790595430044,-1.7631565871340582,0.9421443898777948,-1.283576927520853
5929,-1.8912157569061483,-1.5682705343496122,-0.7596598929154528,0.9070086030907478
5956,1.6981990947812506,1.9774651960367517,1.3053728322310976,0.04746415870395726
5967,-1.092433063495768,-1.6408168905625176,1.124268381481051,0.3608635721422164
5976,-0.5274222224677496,1.8417937142837086,1.2026229064723624,1.4279398142206747
5980,0.6713190913020748,-1.4191879732409793,-1.2104324101899486,1.7533905265277587
5982,1.1826681646647828,-1.5537113196165784,0.845494901087247,-1.1318931521338271
5989,1.8579125313937062,1.9552570431571072,-0.6766916901826283,-1.1830411065128286
5994,-1.7927204061222346,1.6511892685032685,-0.8679772631169209,-1.3366838965705163
5996,1.501012763686496,-1.5659126336635607,1.170450038723311,0.8892832068121224
5997,-1.8907962720140716,-1.1808482227998578,-1.2564503722995637,1.2595463677702181
5999,1.9007126240451329,1.9547697906575041,-1.2829805445326778,0.7209374230475589
6007,1.740705659164394,1.9401990064975188,-0.16380463204009965,1.454644095046782
6018,-1.4149187270777972,-1.0307651168540444,-1.0250636924616434,-1.4347631508081826
6059,1.9680913098395472,1.8943529283549627,-1.3329199223159374,-1.2643347184149092
6080,-1.6241254280940818,-1.259028195613245,0.7834665947198087,1.4770312648516928
6081,1.4360676976635744,1.8805203924762717,-1.0770252742737436,-1.4044503586911974
6087,1.924982182427056,-1.4315008238848583,0.9294510802504834,0.34201759029437007
6096,1.800658150048128,-1.2944004013861656,-1.3097523500305215,1.2433441839567148
6105,-1.4849755149776267,-1.315996329813514,-1.4243156629500144,-1.4190577624574883
6109,1.4043881811297996,1.449183248139232,0.07406412887773683,-1.1645757606566325
6117,1.6859281259043986,1.157182073369722,-1.4758328263554104,-0.4632619276322414
6179,1.5981439468537064,-1.2431686918041343,0.5852346504918362,1.0392993044384733
6182,-1.8412018450303291,-0.43596026978688984,-1.1301135091340018,-1.9350140021101798
6183,0.6917783871078922,-1.7410852148918479,0.45842955948850594,-1.4654248949192685
6196,-0.868471930523167,1.5114956731926767,-1.589376509513159,-1.5367343861771263
6200,-0.8388223393885941,-1.1453251077653444,1.0745307539321014,1.5055143935657824
6247,-1.8037046357727284,1.0215244979340707,1.3706619109196558,0.20807479495342474
6269,-1.972844477360264,-1.5387487766656496,-0.8332186401946915,0.846959005638892
6270,1.3629146310813143,-1.9022945906375992,-0.8093954131479637,0.7140172397150115
6271,1.5080627748983915,-1.850053672695409,-1.31169467158275,-1.0293194508595866
6278,-1.743749212026323,-1.984501459868774,-1.0664213466322199,-0.8404834628345177
6283,1.9540241990705116,1.346123809599137,-0.9671106518980608,-0.4976084834885617
6298,-1.5297499067103715,-1.01643678863504,1.103630793670038,-1.3956505632591352
6302,-1.6499110669775425,1.7754518959471746,-1.4076952285920905,1.4954268918131342
6304,1.6579077253962886,-1.6040858040518158,1.2265578330420737,0.5714604504975993
6332,1.5680728187524529,1.8597598377473532,-1.2464888055805563,-0.694993543515813
6341,0.9073417158880792,-1.9000182663394853,0.18081182029629295,-1.075222408092281
6348,1.8039169949804377,1.7189739345001103,0.18628091936373625,-1.2074343520106892
6352,0.902027731031684,1.223410507592579,0.5181365335607646,-1.5938275054216215
6360,1.7379311344439468,1.5660670384983248,0.2546392221074356,1.1892340163399648
6371,-1.5193010092713055,-0.8822114392523899,1.2233234568730618,1.2906486173752296
6373,-1.9097903874432793,1.900951508871298,1.229788619058637,-0.19455375803810204
6380,-1.473441847819994,1.9419120415535542,-1.3751051634791756,-0.5346670440851469
6396,1.7765027693166364,1.958097650446188,0.34208962556782474,1.313264287527995
6398,-1.868656469411325,-1.3399120706288818,1.0337019393992262,-1.3298822736831863
6401,1.9451131255177652,-1.1405403083660555,0.700182298721904,-0.5363576753405126
6427,-1.5983672711331929,0.7326071262433151,1.1667815741102459,-0.13563693229239826
6433,1.119163973916054,1.4126594441983853,-1.0866106720387907,-1.4999343096286823
6440,1.6860757684423442,1.9767962872960574,-0.6377104978053767,-0.704441803316064
6441,-0.7223583280172816,1.915367803206335,-1.4186363383076261,-1.1232726476671204
6451,-1.562994513793933,0.7529186401482635,-1.2809156818582554,-1.342421942746634
6460,1.1109681423707967,1.6957625606116862,-0.8036540692441743,-0.7862116056811046
6487,1.2931345475762646,-1.3614429902926632,1.0476405319496203,1.2277052892549691
6503,1.3106397094520146,-1.5650952646201555,-0.14446873429582308,1.4896590423393472
6539,-1.8571226237078262,-1.7903052242331428,-0.9777727425804121,0.9905468626781837
6545,-1.350924234055324,1.7195263201318212,-1.0174281625310568,-0.9177529347195916
6559,-1.5786428351980408,1.301875510285869,0.014678003424383412,-1.4119178300439335
6581,-1.0400654929630693,-1.666468544166349,1.1002236380791444,0.8547026123437216
6583,-0.8361241578694387,1.5826857009844022,1.7065966141321294,1.4803252155976439
6603,0.24537949837731476,1.3598640720930693,0.000827883701497445,1.8858194549745924
6609,1.0432252677314477,-1.7250048074166267,-1.0615375100140314,1.2134562319398632
6615,-1.3840656560457103,-1.8639601809316853,0.1886734424969969,-1.1696250910254
6624,1.1523394759683514,-0.9601693740950155,0.72185787704072,1.626346246200887
6635,-1.647987955804028,-0.9502254852710075,-1.2530379157400722,0.6514755835253316
6641,-0.7616333647924853,-1.690511675037909,0.7118727555036775,1.4453904392574408
6646,-1.674103197275287,-1.1540007552756402,1.2537462662669863,-1.3122481651457396
6675,1.9098006352102153,-1.683414367916055,-0.8800050508384483,-1.378884690306264
6700,1.5335972849601953,1.7330287216934965,0.5804606744719516,0.7010611965886717
6705,-1.0849770781927672,1.2796902713015617,1.023000096467797,-1.4632210615507093
6734,-1.6976011600661085,1.273966613688923,0.9248978528291389,-0.4922293497132877
6742,0.2746146431465166,-1.9888605198665905,1.246771292421165,1.502998459272833
6784,1.3880423894801726,1.944946672966101,-1.1802741400750172,0.1065249453860253
6822,-1.1311580304616102,-1.1284410850647757,1.2582530137580283,1.350851642480964
6824,1.0654649717412399,-1.693052686794517,-0.6556545859049221,0.6652031725563261
6843,1.0821946629468475,1.285645086664485,-0.9374905913532063,-1.1756802631240024
6858,-1.3978201993252992,-1.354161215405385,-0.7691709461679781,1.2630610855035238
6859,1.1694104653084048,0.8790072726703082,-1.5244958813474345,1.2977860462536865
6871,-1.819696503030586,1.51378797758441,-1.1223555228658788,1.3570098482479023
6878,1.708913268141043,1.7693142457072386,1.3217005529003072,0.8197857603532501
6882,1.2217658272899028,1.513909811932939,-0.8240199365990648,0.7555355905288765
6896,1.9552400216739079,-1.3935975560467337,-1.006267438261974,-0.8710071151072931
6898,-1.6300768920353326,-1.4502283983541835,-1.0629314747664922,-0.17234756858208522
6905,-1.8083374855023209,-1.2753972276410437,-1.0832274076332071,1.0641517661030058
6912,-1.0871426049065382,1.3545811243952866,1.455305547677888,0.20113864061162534
6919,-1.0482084112591723,1.9226681295847654,-1.201681194463076,-1.075820352866962
6924,1.1116213663824448,-1.4256252234235478,1.342409548202681,-0.9100597065760074
6933,-1.5975104210632574,-1.2228826168529157,-0.09509619804623615,-1.1548554715169828
6945,1.539175456971095,-1.3961388027926143,0.8293444424594592,0.3770319421813695
6952,0.9760880458660623,1.2622420193169588,1.4810545579762775,1.262231674883362
6955,1.0340150639790169,1.266361799236869,-0.3956098625139801,1.4990767740470141
6980,-1.6333540413494285,1.0415908077275997,0.8291056802107248,-0.4004390106513531
6997,-1.993796077118037,0.9689712507617405,0.7386506156395125,-0.42837882998335264
7005,-1.8859218601564698,1.1277620607446708,-1.2004441834309785,1.0049245087641054
7007,0.21310330205770933,-1.54816992407906,-0.11635322618948551,1.88572293473616
7011,-1.7118278371166293,-0.9512044365338874,-1.4078978957551334,0.39257873033789803
7024,1.0868825107481972,1.5111772272055206,1.2631703608068245,1.2852721285282125
7029,1.6179598176111973,1.8300108772377075,-0.3666605365921636,1.1165174127886295
7032,-1.0483149323473753,-1.230414873170535,1.369237929894083,0.7322035777072782
7038,-1.1932942408107081,-1.3361239325921854,1.4181808193204923,0.5271089686099675
7048,1.639260345001118,-1.9849475563755385,-1.1296197818793718,1.153710858673648
7056,-1.6468772333710695,0.9635124261003605,-1.1055049823860852,1.3257592780810397
7076,-1.9953276002026668,-1.9262533938999375,-1.4410923731847167,-0.27133435962290786
7077,-1.5646087706115472,-0.33769659834712495,-1.5858938256248134,0.12207810035812772
7087,1.382056301211322,1.1612171285019968,-1.3848857587096401,-1.1948560419617675
7094,1.3049239860073696,-0.4810145599450122,-1.5278693389765396,1.9446254648790826
7101,1.6763899909144842,-1.1867192427291866,0.44112304546999415,1.2080004831596058
7133,1.9528210498611762,-1.7783100725015961,-1.2243076949101575,-1.2269005269139872
7137,1.7711515462822245,1.547551933050626,-1.1463376764181192,0.5933470207369358
7143,-1.6794405483335804,-1.8801666846153378,-0.5927228569523635,-1.455694702988617
7144,-1.4811358356185478,1.077440971481467,1.2420965272255957,-0.052284426536983286
7150,1.712516335816742,1.7582582824633426,1.1525731101361703,0.690071696004106
7156,1.3180078439170648,1.7415712080990917,1.2003700189846813,-0.629164725854233
7166,-1.1805269738694366,-1.0779932847353293,-1.2344655652584198,0.952239338128805
7171,1.0461370224177569,1.564659664594323,1.3669761060961885,0.9267798450870361
7182,0.6686371099827286,1.8109516121547484,1.488307583122527,1.4628742107908121
7188,1.7607709972791676,-1.6978294672096497,-1.2494397361026248,-0.18472169054735987
7190,1.590217116869416,1.3885331279971904,1.4136260706664467,0.040796727293996415
7203,-1.3704871797438583,-1.6411718650513345,-0.8453788896464483,1.2925573973090208
7209,1.5188296721628767,1.3966460091445727,0.6199617260869044,1.0863835717642552
7213,-1.8948452381347378,1.2317422845637265,1.0094257281604175,-0.15347779057177835
7216,1.5294307914738385,1.8079727677173998,-0.38911635144936385,1.3840267416307221
7220,1.6041973564584877,1.6882619978899247,-0.6340190432257513,-0.9580698587886132
7222,1.6722049039999667,1.554341913795012,-0.9167697899086891,-0.09107974656379891
7226,-1.4948002107696041,-1.5005078278722128,0.7405064054968546,1.4221036761041796
7228,-0.4732573108491591,-1.9755539747465307,-1.6867588734216485,-1.2331565608562753
7230,1.6840291236232372,-1.8063539971654383,-1.4181651492418692,-1.436790483168621
7242,1.2995802853399478,-1.325591473199156,-1.3121681800298042,0.5506806881780717
7245,-1.3099620487985604,1.2795651810212747,1.346413587439772,1.1463391629290558
7275,-1.4554210374357552,-1.1574721660500216,0.8198805762710148,1.2428363098731046
7295,1.6698995150117697,1.6590869516481583,0.9159484424614979,-1.0402976459771853
7313,-1.534298757898894,-1.7270464111495532,1.3387890458292158,-1.0241388689953195
7342,-1.900150285390298,-1.552427873392793,-1.4675474250515057,1.1148924007204655
7343,1.1661363474854678,1.2610492870525238,-0.07213365570095442,1.3920701861026825
7346,0.8290353346020845,1.7795005224722695,-0.17212661194937073,1.4318519020889457
7349,1.8420017069504855,1.1156189850719382,1.4439988309560436,0.16915259385080805
7371,1.1510348527701817,0.6986126294347152,1.7062261016808837,-0.42908523489440187
7372,-1.452474279299893,-1.1580051149073807,0.5758077316040775,-1.4247653167831675
7381,-1.981230391126663,-1.8208433092054994,-1.4017870120752578,-0.06126348359444833
7393,-1.5046753186560382,1.1701219880718643,-1.438346451812356,0.18893581631186107
7396,1.3956171967335549,-1.7869931344205154,-0.7451216891150101,0.8414848464567974
7400,-1.7682924966803935,-0.4250447174754268,-1.3508334085967553,1.7115326869094218
7404,-1.1402318863071734,-1.5405392326541478,0.7984595838517317,-1.447864737531435
7441,1.6532259142181895,-1.480789196244693,-1.2587680122680784,-1.4047762547131706
7460,-1.5057898805649157,1.1800796770802937,-1.1084432238047963,1.1259166623491121
7465,1.1485044642541493,1.0465071293314097,-1.5002109886818586,1.3314134384338971
7473,1.526686488013076,1.9972955222087898,-0.9075718268884669,0.4374364362350409
7477,1.9133171834300589,0.9122029619430374,1.272293993957092,1.0058740916454925
7490,-1.0622512534648507,1.8595521372985822,-1.1373850079854666,-1.0497082817452377
7517,-1.9585596465334714,1.2994351105302107,-1.1014929317535138,0.027184698031986088
7524,1.0816710410347627,1.087952863787625,1.3697533683614238,1.3776823752188063
7526,1.8904262196731332,-1.2645160557498718,0.44145600373361527,1.3254620914220894
7527,-1.5202823715502967,1.395474749379948,-1.288457764781457,-0.5870364531004033
7549,1.811987884691511,-1.8187192890358004,1.3310737976993212,-0.8697211072807884
7574,1.6925136396027387,-1.4187561283474444,-1.0531295862077616,-0.0379812546738596
7606,-1.813423244850065,1.4797731034035193,1.2963405676163897,0.17910642448880543
7613,-1.4257770281465802,1.6491220610216573,-0.30679959400457024,-1.1894471141573457
7646,-1.9590265148988917,1.8913173320241197,-1.4481515279917998,0.7711669481178993
7657,1.35119836448396,1.108134253847333,-1.4954846657826057,1.4278025370910123
7664,-1.1079816342907796,1.8103878772226651,-1.148047398602845,-1.3473167128911787
7671,1.6000850298432456,1.9614152142228107,0.9999938945044762,1.247044262218076
7682,1.5231973891922044,-1.6651806206089552,-0.8514491615165287,-1.1491118899827812
7698,1.9772527734626255,1.5182556672405076,-0.5287073832625504,0.6811341416313583
7699,1.0208657877060126,1.9444268405252747,0.9781564610985578,1.4693590257050446
7701,-1.626199693969097,1.9426932002110702,-1.2820988957349306,-0.4282235305053459
7704,1.5587303446111904,1.2036803587057885,1.029943997575582,-0.33585196812190876
7706,1.0077982360285325,1.5173923933164213,0.6395875615701381,1.1297047988681115
7707,-1.3997180248138483,1.458646923748042,1.3070673905770516,0.5291761475792311
7720,1.9702863359582992,1.16588059501988,-1.3714327455472883,1.3516622119703987
7721,1.0757469841780334,1.4151866499831947,1.4857174315874455,-1.1401461213050368
7727,1.9627068889330594,1.0239605475371207,0.8780840072880616,0.9303853524528276
7738,-1.3761504969672012,-1.697519524196458,-1.1750393667130155,1.2485349598864564
7770,1.4407899251923206,-1.5837853098456347,-0.8624852546007693,1.2396200786007703
7776,-1.8888577765498193,-0.7651699341979659,1.1554762405470722,0.9285912748125797
7781,-1.4110195084432222,1.8253144852181773,-1.1857470214953438,1.3423261164066869
7786,1.4254515675488961,-1.3126574505995556,0.8821248191908149,-0.6467506668628968
7791,1.5336417709607288,0.754936638338469,-1.0741327589456326,-1.5831440046309306
7843,-1.3918019088090539,1.5504324525971258,1.1820741055742436,-0.6273429612327566
7847,-1.9858447055296509,1.6246357557739257,1.3945201327610288,-1.3325739994497359
7856,1.6214982593325291,1.3955175601335843,0.9571403293484813,1.2182031543821124
7859,-1.0818456357762956,-1.3268412334640778,1.4341152481167203,-1.2494152942371137
7868,-1.6479934971287302,1.5224188132365204,-0.49622303492385367,-0.9771191637516368
7873,1.603219662515294,-1.8007226906607054,1.035405629350075,1.1067186505945137
7882,1.8156346998600803,0.6650092664318947,-1.3857279483420188,0.14207820076025035
7884,1.8152759305003556,-0.9472446402911938,-1.475080835365882,-0.526144908050326
7898,1.5431146937476603,0.8580506905023286,0.6439793841652879,1.6824779885313559
7914,1.6572392904060993,1.0689956993381848,0.7639707797846538,-1.1313709313362703
7927,-1.2962294580268319,-0.9256446383509664,1.4785596576069895,0.7868215659719406
7931,1.616305848814108,-1.0333635990818504,-1.1876211430695554,0.0241690895907567
7932,1.3931763248236706,-1.202957290599488,-1.13378503407458,-0.6306972256887691
7942,-0.5928467909483999,1.8089579068635047,-1.5782599275870726,-1.254554468186873
7948,1.289381767808608,1.1465281885136172,1.0752732482323992,1.383456521805957
7953,-0.3660731779658404,-1.7112004706825648,-1.9522508715686606,1.1503332135676545
7970,-1.2506543123619518,1.4470067487579872,-1.0757066089351874,-0.19521322332533186
7975,1.7964224524802566,-1.580483629240435,1.1049160341451274,1.2854748196343766
7990,1.6521284959005942,-1.1540378029868958,0.6493310162176531,1.4239752217605939
8000,-1.4640959585222224,0.9753135061051568,-1.4730856031675694,0.8841374604715524
8010,0.8448236157032305,-1.7513154002410367,1.2717378481729709,1.1380510352356503
8012,-1.9797057461743317,0.81265991898045,-1.3040214290697132,0.8693423741389639
8034,-1.886269273248237,-1.0883145506611438,0.8630143008112707,-0.8374203776059681
8047,1.4377579235540812,1.9968113780668277,-1.2193121211092879,0.2581298529132803
8049,-0.8235133768241827,-1.2151925504421004,1.14250234109584,1.3937631866116278
8062,1.916595177720588,-1.4574787593568108,0.856033972210462,0.5101453241129184
8079,1.66849023718698,1.1636766454836178,1.2536919718268456,-0.36595186343921604
8083,1.6576231814502513,-1.7512171335091904,1.4020655258451726,0.024490649545428234
8112,-1.2486794264516767,1.9393924149817736,-0.857085621818177,-0.3073438026966522
8117,-0.9560712491463819,-0.612294353955384,1.8981244582993493,1.4902172699166845
8122,-1.756251691797854,-1.620869325250161,0.2417889024767912,0.7387825899986069
8137,-1.9317647775021838,-1.4663064998706257,1.2632387066216437,-0.2985990853716394
8154,-1.386592156849269,1.370500491670489,1.0582373862326775,0.01451003933953432
8171,-0.9874261957851438,1.9305424300047522,-1.6631361422543827,-0.958155517836401
8172,-1.8223999062432021,1.707981193795519,1.4514541905514484,0.37738150859231334
8188,-1.3382483343940086,-1.575678788727966,-1.2673187665151278,0.8826644668385883
8191,1.4088224249725023,1.9699117057110662,1.2540426740040127,0.4354065882863045
8193,-0.8536595301140002,-1.101155784557367,0.3447624638998028,1.7232050524739901
8223,1.667829236150569,-1.6485680458148169,0.06634189973486393,-1.1751283323928736
8230,1.3981950948962827,-1.9626636033028562,0.9595670767320703,-1.142759663931443
8232,1.7256062048155036,-1.1664126641367036,-0.7439884840257904,-1.4571122112322055
8250,-1.8651563253647905,-1.2732489331728778,-0.5910255327916407,-1.2765617484041392
8256,1.7123860657137837,1.9792557969098503,-0.10942602863461515,1.1505190968835022
8262,0.855600844780473,-1.6911144172043135,-1.2775077823423246,-1.1978799528078898
8267,1.9109241112171356,0.9244288956199886,-1.3927528027612266,-0.058264307010563066
8278,1.9109197781812925,1.0049325391562358,-0.29055454288464677,-1.3718601095940564
8306,-1.7633990167836848,-1.4811775190176073,-1.0700915834965632,0.25655110046678864
8316,1.0707825851132222,1.4961827274595283,1.5531065275187808,-0.42900809888036884
8347,0.1728280763738934,1.887635426192471,1.6871642375776683,1.4152013841278435
8355,1.1556388898103802,-1.875104221057835,0.3648227711172076,1.2660149517538999
8356,-1.8094819566934146,-0.8820677217230926,1.3930587965504673,0.22211376786765236
8358,-1.509786698981964,1.1499536857702353,-0.13726979718870425,1.2164003312805995
8364,0.571754088834076,1.5448794522564757,0.00022472932595318795,-1.3758732693374371
8368,-0.9145829430937953,-1.7252061507677965,-1.0612643896398186,1.06346337080159
8383,-1.5055822254200986,-1.8022713176289877,-0.9517421418599681,0.7732533133712964
8384,-1.6267269541195097,-1.9523079727262385,1.290428737876045,-1.1035788043309296
8394,1.758894052893726,-1.7285302977217678,0.6855022337248671,-0.7451191323554753
8411,1.1486428777627031,1.7419094054295163,1.4993001174983438,0.6046188606323373
8413,1.0410466308428914,-1.5259754606743328,-0.8883848366030644,1.0145833724832598
8437,-1.710082125736578,1.31151438159528,-1.009413520990889,-1.5214012864835347
8448,1.5870211217890557,1.2946760347960957,-1.0392429944227768,0.6213819011528625
8476,1.5695881594961425,-0.7938585992245408,1.5065411995478821,1.3920730387566773
8479,1.2193562300650407,1.4072997525709239,-0.02186992179606051,1.340577605180131
8483,1.5120289347668296,1.3157737359202026,-1.490707990104288,-1.313988129910049
8498,1.7309514097347254,1.2274724292277037,1.1550319361118118,0.827832154952012
8505,1.9073335126476336,1.9959390937259704,-1.1358550589241068,-1.2430587876667247
8518,-1.5263123065326774,1.914913438692143,0.7110108834836408,0.548002655608224
8548,-1.2540650829034599,1.1343712427506492,0.3572560743050541,-1.5491675764586978
8576,-1.7174355322892705,-1.1211008050541778,-0.5129094398238494,-1.3715845710086434
8578,1.1826363447013617,-1.674159518756896,-0.7567680138787245,-0.07165419184406208
8579,-1.7080478812840973,-1.9897342222231016,-1.2497470733742477,-0.24279576611291454
8598,-0.967704845925291,1.9235132084300948,-0.3079741950951571,-1.430846483324543
8612,1.8196945382042569,0.550052754498374,1.4018364882426155,0.33810959885095837
8617,1.2120883261275779,1.3696918278533983,-0.5767922737315239,-1.4515380184330846
8631,1.210256234685994,1.6823447087865375,0.12427536755818602,1.175784266582879
8639,-1.6549783936785354,1.720131576024896,-1.2009291968321043,1.2257648367383558
8648,-1.6512722847315273,1.3714875585859887,-1.0386908823854872,0.700532823184318
8666,1.9570659436626916,0.9791333487473475,1.4788164020171628,-1.087310378655029
8667,-0.6759298065491088,-1.633033581778839,0.6469396222114985,1.4323206992236561
8672,1.833107726922023,-1.9062616619485042,-1.1852486172357493,1.4806417917828765
8688,1.496699689268076,1.968515632039277,-0.5558181148474826,1.4032188107237489
8698,-0.9388124573159793,-1.447445525033039,-1.0711460599330884,1.3134343422483221
8702,-1.0405262773104726,-1.8343703787089751,-1.2810986044553299,1.349460292124462
8755,-1.8957227040872273,1.6702921708861451,-1.2756263899669618,1.4795563682263735
8759,-1.8487920823852253,-1.3796991495001243,-1.404924862327674,-0.6549062914247119
8774,-1.937277178381375,1.874539567616845,-0.4253452151221584,-1.0251208041485946
8783,-1.3563157546624365,1.5794606563642772,1.0249523793483846,-0.8887168156528413
8796,1.4832269794147215,1.749791914759847,0.8381607030295046,0.8903090346602052
8802,1.6353856653943986,0.5857640278091298,-1.4402549583889566,-0.13467642516862632
8815,-0.7336068081712308,-0.8646452123366797,-1.2394001414012386,-1.9570094198163366
8819,-1.3760247143882807,1.6098855449611378,-0.9390134260716745,-0.5296620918615829
8821,-1.7004158251050585,1.8087314909232366,-1.3388658527664092,0.984585697917777
8828,-1.9576040658885652,1.457653547225147,-1.1920272824897595,-0.39997228554889697
8850,1.190949587872042,1.3728247318980817,1.501764459302402,-0.2953762048803168
8861,-0.9841440112865145,-1.3398952366659955,-1.4803971197569328,-1.4831620330965416
8864,-0.48647103065206254,1.9190414620280891,1.6440270492017581,-1.0513951728542659
8872,-1.2506152270494706,-1.9796192873761744,-1.2570239023407863,-1.2072738177407603
8878,1.6767944411367535,0.820192208309094,1.3309315415977854,-0.965357792972481
8888,-0.8796600452259886,1.644082497649351,1.013503707011881,1.6343173987555653
8895,1.171857092435407,-1.5489950141576796,0.4392292654036485,-0.7669397435101435
8902,1.7168471761199844,-1.6147136752629274,1.07721818075199,-0.36844631186281696
8912,-1.4957204660892272,1.9872915380534772,-0.910492370120473,-0.2516445421501041
8914,-1.2123651503089228,-1.5811699889919928,-1.093454405328023,-0.9843378553158795
8929,1.5984281620422487,1.4918345129366912,-1.0186329579301097,-0.9207171582011191
8935,1.9451136755776561,-1.5050776412362024,-1.0179987019983758,0.20252294373459678
8945,-1.7484319460681093,1.7714677727521138,-1.1740519481622158,0.6448138637887642
8946,1.5082570076813249,1.0365199024881973,1.1944214542896887,1.0730594784658916
8951,-1.8312149070219133,1.6112713233630527,1.1491278435718373,1.1596056555566836
8965,-1.9612787396756088,1.8496118139534583,0.7003084103101762,0.7534387469932722
8968,-1.8697619370800256,1.7816819120237568,-0.9192240723285159,-0.826267995238176
8987,-1.5946186121242807,1.8231611267557417,0.8881475461219526,0.8446948718939242
9003,-1.3970929746017493,1.437165881078728,1.2535760717443845,1.3169990275331749
9027,1.8548593957885706,1.4329404578524088,-0.432894228524507,-1.4449129418709203
9033,-1.2768283211359077,-0.6843118669790158,1.7349623275416945,0.8726527350069775
9034,1.230834531549668,-1.5751726521853708,0.9527621949238578,-1.308715782199402
9037,-1.5037475640233233,1.2770116473839823,1.477223471388549,-0.2385681583680892
9042,-1.5101845034743726,-1.6693910740844924,-0.025829715509861018,-1.1948274247022845
9069,1.0218251200978297,-1.966510235126293,-1.5664609947500998,1.3001843278616456
9077,-1.9544705008114334,1.689880004980921,-1.2932369580159366,-0.3491110488371536
9082,1.808762889247034,-1.9221479479052084,1.310038987474655,1.3218913931476095
9107,1.338862857249211,1.675642318088609,1.469623982298947,0.3392717885088552
9115,-1.570349373447673,1.586791489446636,0.8228257624621214,1.3715347639297337
9132,-1.7505545504623692,1.6767391830602683,1.1185847309606407,0.6542557629036398
9159,1.1879327362177579,-1.9097059807309131,-0.08172025081515066,-1.0298380103477913
9193,-1.7067467148451243,-1.6932140022423834,0.9802048799855752,1.3674345215651664
9196,-1.285119951334901,1.7795021215588918,-1.5056968191249518,-0.04251834020741274
9211,1.9705898114440599,-1.7340036323587267,1.1609667977558007,-1.4803039872457675
9250,0.8572691011820277,1.6901967825594224,-1.287615396096828,1.4962031934424105
9261,1.4138091957677807,1.6859984776647559,-0.32853431077457085,-1.4084297135928057
9272,-1.615057610255568,-1.604016985728344,1.429106583820499,-1.4654349407955776
9286,1.1792126865385284,1.6721436002822596,1.1377468556104007,0.8288587892438324
9294,1.126566451166596,1.7481900975106548,-0.9472146226831701,-0.8763577052071692
9303,1.741522267724609,0.6908347503028294,1.4480218955618165,-0.258427185799754
9310,1.8685257650442475,-1.354562631459593,-1.4485379783909935,-0.34390722445703936
9324,1.4640233713125057,1.5547188121288595,-0.3867148356313135,-1.0064825631642162
9336,0.9566673930474652,1.5939564853676416,0.3866790628597334,-1.2488768774223389
9340,1.6550695450577502,-0.7322401480576248,-1.4266458829389608,-1.479321174657576
9341,1.5053339084713073,1.8337594668552355,-0.6583120265788653,1.2916733393727569
9355,-1.1404968859549616,-0.7463217051811242,1.6126427370818819,0.725039183394895
9368,-1.2866903128726386,1.0756900989456728,-1.3522664136922686,-1.0034370229924447
9386,-0.9833711395912448,-1.4018057255301257,0.7630580072477775,-1.4855625521051805
9387,-1.3738860004961673,1.8318177378148546,0.9438071206524192,0.7915837495454778
9405,1.8224081304341464,-1.697546861842353,0.9022283670704763,-0.426175276026763
9410,1.3808918885249355,-1.3157863935670013,1.2746985519280951,-0.07974285435474204
9434,1.999471311481432,1.6341389373229611,0.788370343952101,0.4520643561397777
9439,0.3369504600397746,1.9336574521092493,-0.8203440698923581,-1.5661113577086403
9452,-1.3676013474311204,-1.880736410534901,-1.3367001571800645,-0.8369366865341514
9456,-1.8317703791289546,1.9884512670108787,-0.15576229438651712,-0.860589700992576
9460,-1.2963514968621732,-1.6584075391643598,-0.25915621634326547,1.132376038691913
9467,-1.3196175046496297,-1.3640865838493976,-1.575873460579424,0.10902029659350498
9493,0.874166964934961,1.2348563718988292,1.316305193443612,-1.1604472145686109
9516,-1.251138378272481,-1.944136547147584,0.4411787982372619,-0.825916129875095
9543,1.8635627466989342,1.3282296067379566,-1.2175533887967527,-1.4713388857723921
9561,-1.2424913613342632,1.4351743633854164,0.0022995745236240595,-1.4447521227455344
9584,-1.9583425524942766,1.8348087609708132,-1.2782768605302306,0.15552392322519903
9585,1.8800431629456393,-1.8617168346768427,-1.0815167227833014,-1.1573532184678568
9592,1.698031857539152,1.3705529246620225,-0.43242370516434203,1.0584386565179895
9604,0.7385527445196116,1.9187962672314387,0.24620935088239104,1.250212908432343
9615,-1.1734437907430277,-1.497963543595414,-1.2532315242660577,1.2924204138926418
9631,-1.7012328390684348,1.4251843046024684,-0.4155371718415384,1.1638215032308876
9650,1.8247140047518982,-1.9153374712064792,-1.4178153227040595,-1.0427966224032068
9657,-1.960885529259612,-1.4490525639911556,-0.941305046112912,0.4239568033775414
9667,1.5341340527569405,1.2540552399498686,-0.02985266056935032,-1.2765293464236254
9670,1.3038431475510364,-1.4990159200865798,-0.7875054243725201,-0.9270956797440868
9676,-1.839801852636071,1.8864065476351173,-0.2549884685907915,1.020505273330233
9683,1.1603334461268906,-1.170235081895326,0.4678923472986658,1.6409287211633856
9701,-1.7347970225231006,1.33423033228765,-0.7100435959100566,1.2776670212134693
9716,1.5100999284291294,1.8416072409120572,-1.10123993450636,-0.032830480912205307
9743,1.819842826443265,1.161890235472871,1.167866922157275,-0.9792500013192722
9750,1.461235605899609,-1.7535850879980805,1.1827823404713032,-0.6347423147655284
9764,1.722047340959182,-1.482512037774311,-0.9618514578928021,-0.5336488930228973
9765,-1.0776117391292601,-1.8550301129592777,-1.0419700505545775,-1.121341496775314
9768,-1.7999949184763717,-1.1606343294765038,1.4674086098899948,0.10435928667297212
9824,-1.4867929530135795,1.540145238282471,-0.8556302488810101,0.9193893763974117
9830,-1.120967600887354,1.07585770755583,1.3098940528200642,-1.350815949431607
9832,-1.5615209988166434,-0.983732656584754,-1.3786267993374182,1.0516451168960028
9834,1.621191278825012,1.5373038220499415,-1.0577502157420748,-0.11563352563172158
9856,-1.9130089754946895,1.7459355610585807,0.9936488232903447,-1.209582617308627
9868,1.6794451158610375,1.767924226232863,-1.108065910792933,-0.6547492318004262
9893,1.5282304906559587,-1.5179388356178212,-0.9520338039695093,-0.8214933699843541
9912,-1.3655488267592797,-1.0546564829494196,1.3688848208599884,-1.4304043617607323
9921,0.3958074162584646,-1.918992894291042,0.4943193962650052,-1.3024679006062612
9932,-1.5959521674482362,-1.7772474909916087,1.218380800075261,-0.8010334805884383
9945,1.76019490398141,-1.9921253337132665,-0.8943650725875281,1.2490999514046517
9950,-1.4829979136589606,-1.3501267191453032,-1.5082473213327918,0.07848742885858062
9955,1.6246071824144042,1.5324830469045319,-0.8270590234714277,-0.6530940092351258
9957,1.9139159033493551,1.2965686348314813,0.3677723990897208,-1.133033450800852
9963,-1.72913037826874,1.8607822672325431,-0.8636998082484943,0.5950480741755166
9965,0.8024634041121539,1.556910812768729,-1.659802196818088,-0.7074503970382033
9981,1.7113401732944582,1.722449547555129,-1.1838721413514266,-0.553699854524448
9996,-1.590442431799905,-1.6917727371508193,0.8899785829389866,-0.38906090281394823
